BFS_Nr;Bezirk;Gemeinden_und_Bezirke;Total_Maennlich;Total_Weiblich;Total_SchweizerInnen;Total_AuslaenderInnen;Alter_0_bis_19;Alter_20_bis_39;Alter_40_bis_64;Alter_65_bis_79;Alter_80_und_mehr
2445;Bezirk Bucheggberg;Biezwil;183;165;328;20;70;62;124;72;20
2465;Bezirk Bucheggberg;Buchegg;1451;1531;2812;170;504;595;1163;537;183
2464;Bezirk Bucheggberg;Lüsslingen-Nennigkofen;553;578;1041;90;234;241;420;187;49
2455;Bezirk Bucheggberg;Lüterkofen-Ichertswil;455;470;848;77;192;185;336;157;55
2457;Bezirk Bucheggberg;Messen;777;728;1435;70;308;299;566;245;87
2461;Bezirk Bucheggberg;Schnottwil;575;589;1080;84;227;222;477;172;66
2463;Bezirk Bucheggberg;Unterramsern;108;122;223;7;48;46;95;29;12
2471;Bezirk Dorneck;Bättwil;588;606;996;198;225;244;467;201;57
2472;Bezirk Dorneck;Büren (SO);521;541;898;164;225;212;418;154;53
2473;Bezirk Dorneck;Dornach;3310;3637;4887;2060;1339;1462;2456;1180;510
2474;Bezirk Dorneck;Gempen;464;456;769;151;192;145;367;163;53
2475;Bezirk Dorneck;Hochwald;639;641;1129;151;230;218;457;300;75
2476;Bezirk Dorneck;Hofstetten-Flüh;1681;1738;2704;715;698;580;1352;564;225
2477;Bezirk Dorneck;Metzerlen-Mariastein;508;472;839;141;173;158;398;189;62
2478;Bezirk Dorneck;Nuglar-St. Pantaleon;796;786;1383;199;287;300;571;336;88
2479;Bezirk Dorneck;Rodersdorf;657;741;1227;171;273;224;467;329;105
2480;Bezirk Dorneck;Seewen;540;556;956;140;199;235;402;196;64
2481;Bezirk Dorneck;Witterswil;725;749;1203;271;300;284;545;238;107
2401;Bezirk Gäu;Egerkingen;2247;2115;2715;1647;954;1183;1420;612;193
2402;Bezirk Gäu;Härkingen;921;853;1476;298;374;474;621;248;57
2403;Bezirk Gäu;Kestenholz;964;927;1696;195;384;408;700;278;121
2404;Bezirk Gäu;Neuendorf;1213;1209;1958;464;506;583;885;357;91
2405;Bezirk Gäu;Niederbuchsiten;674;702;1077;299;294;357;479;179;67
2406;Bezirk Gäu;Oberbuchsiten;1240;1168;1620;788;468;640;904;296;100
2407;Bezirk Gäu;Oensingen;3548;3291;4039;2800;1422;1928;2340;829;320
2408;Bezirk Gäu;Wolfwil;1218;1271;2151;338;510;548;886;383;162
2503;Bezirk Gösgen;Erlinsbach (SO);1802;1968;3062;708;812;833;1349;557;219
2491;Bezirk Gösgen;Hauenstein-Ifenthal;185;164;305;44;72;76;130;54;17
2492;Bezirk Gösgen;Kienberg;276;252;447;81;106;96;216;77;33
2493;Bezirk Gösgen;Lostorf;2076;2043;3602;517;787;792;1574;687;279
2495;Bezirk Gösgen;Niedergösgen;2223;2099;2898;1424;871;1090;1473;652;236
2497;Bezirk Gösgen;Obergösgen;1283;1280;1772;791;480;604;862;432;185
2499;Bezirk Gösgen;Stüsslingen;633;635;1133;135;252;257;466;218;75
2500;Bezirk Gösgen;Trimbach;3572;3451;3833;3190;1430;2005;2320;902;366
2501;Bezirk Gösgen;Winznau;1046;1020;1689;377;406;436;741;363;120
2502;Bezirk Gösgen;Wisen (SO);222;230;417;35;77;82;189;82;22
2541;Bezirk Lebern;Balm bei Günsberg;111;96;194;13;37;28;73;56;13
2542;Bezirk Lebern;Bellach;2797;2867;3886;1778;1107;1321;1828;987;421
2543;Bezirk Lebern;Bettlach;2533;2419;3922;1030;863;1023;1817;873;376
2544;Bezirk Lebern;Feldbrunnen-St. Niklaus;544;525;933;136;165;226;394;194;90
2545;Bezirk Lebern;Flumenthal;505;522;873;154;169;262;382;147;67
2546;Bezirk Lebern;Grenchen;9768;9447;11225;7990;3460;5047;6498;2927;1281
2547;Bezirk Lebern;Günsberg;596;574;1089;81;196;225;449;224;76
2548;Bezirk Lebern;Hubersdorf;361;367;667;61;157;105;284;156;26
2549;Bezirk Lebern;Kammersrohr;16;15;29;2;4;8;7;8;4
2550;Bezirk Lebern;Langendorf;1923;2073;3229;767;736;799;1378;731;352
2551;Bezirk Lebern;Lommiswil;799;817;1462;154;333;293;594;295;101
2553;Bezirk Lebern;Oberdorf (SO);888;920;1652;156;363;328;655;339;123
2554;Bezirk Lebern;Riedholz;1135;1197;2055;277;472;421;890;398;151
2555;Bezirk Lebern;Rüttenen;748;753;1381;120;293;248;542;293;125
2556;Bezirk Lebern;Selzach;1884;1882;3075;691;753;896;1327;553;237
2571;Bezirk Olten;Boningen;408;404;641;171;186;190;308;112;16
2573;Bezirk Olten;Dulliken;2810;2730;2950;2590;1082;1525;1773;844;316
2572;Bezirk Olten;Däniken;1622;1498;2287;833;587;748;1106;507;172
2574;Bezirk Olten;Eppenberg-Wöschnau;197;147;213;131;64;103;112;47;18
2575;Bezirk Olten;Fulenbach;927;922;1618;231;391;382;678;308;90
2576;Bezirk Olten;Gretzenbach;1409;1432;2078;763;615;641;972;494;119
2578;Bezirk Olten;Gunzgen;917;871;1506;282;334;386;664;320;84
2579;Bezirk Olten;Hägendorf;2733;2606;3878;1461;1145;1191;1966;729;308
2580;Bezirk Olten;Kappel (SO);1768;1826;2650;944;784;831;1254;557;168
2581;Bezirk Olten;Olten;9622;9727;13023;6326;3304;6333;6046;2432;1234
2582;Bezirk Olten;Rickenbach (SO);602;609;940;271;223;291;441;199;57
2583;Bezirk Olten;Schönenwerd;2760;2713;3278;2195;1120;1432;1822;787;312
2584;Bezirk Olten;Starrkirch-Wil;1015;1010;1632;393;421;522;680;292;110
2585;Bezirk Olten;Walterswil (SO);382;388;652;118;145;167;288;131;39
2586;Bezirk Olten;Wangen bei Olten;2830;2815;3967;1678;1191;1423;1951;800;280
2601;Bezirk Solothurn;Solothurn;8184;8697;13005;3876;2767;5038;5385;2493;1198
2421;Bezirk Thal;Aedermannsdorf;332;277;570;39;117;133;205;128;26
2422;Bezirk Thal;Balsthal;3487;3182;4158;2511;1406;1636;2283;979;365
2424;Bezirk Thal;Herbetswil;326;285;537;74;118;132;219;83;59
2425;Bezirk Thal;Holderbank (SO);440;388;590;238;137;228;316;102;45
2426;Bezirk Thal;Laupersdorf;977;950;1625;302;429;433;648;318;99
2427;Bezirk Thal;Matzendorf;745;695;1276;164;285;323;514;246;72
2428;Bezirk Thal;Mümliswil-Ramiswil;1292;1194;2104;382;465;605;845;406;165
2430;Bezirk Thal;Welschenrohr-Gänsbrunnen;625;576;1010;191;211;248;435;224;83
2612;Bezirk Thierstein;Beinwil (SO);145;117;230;32;50;55;92;47;18
2613;Bezirk Thierstein;Breitenbach;2198;2288;3259;1227;921;1040;1495;712;318
2611;Bezirk Thierstein;Bärschwil;425;385;701;109;129;112;328;186;55
2614;Bezirk Thierstein;Büsserach;1258;1229;2052;435;488;571;920;383;125
2615;Bezirk Thierstein;Erschwil;524;482;819;187;207;218;329;191;61
2616;Bezirk Thierstein;Fehren;305;314;584;35;113;123;246;84;53
2617;Bezirk Thierstein;Grindel;254;255;441;68;92;89;194;102;32
2618;Bezirk Thierstein;Himmelried;501;478;826;153;182;165;380;193;59
2619;Bezirk Thierstein;Kleinlützel;596;602;1026;172;190;230;432;253;93
2620;Bezirk Thierstein;Meltingen;317;307;564;60;112;110;261;107;34
2621;Bezirk Thierstein;Nunningen;1002;952;1749;205;346;421;688;363;136
2622;Bezirk Thierstein;Zullwil;370;338;580;128;162;134;268;108;36
2511;Bezirk Wasseramt;Aeschi (SO);678;672;1223;127;228;271;508;283;60
2513;Bezirk Wasseramt;Biberist;4738;4841;6895;2684;1838;2500;3188;1400;653
2514;Bezirk Wasseramt;Bolken;303;273;532;44;113;93;254;95;21
2516;Bezirk Wasseramt;Deitingen;1244;1190;2072;362;438;578;849;404;165
2517;Bezirk Wasseramt;Derendingen;3574;3681;4833;2422;1349;1898;2522;1085;401
2535;Bezirk Wasseramt;Drei Höfe;365;364;673;56;128;136;294;135;36
2518;Bezirk Wasseramt;Etziken;545;550;947;148;251;255;382;160;47
2519;Bezirk Wasseramt;Gerlafingen;3013;2868;3380;2501;1276;1580;1972;742;311
2525;Bezirk Wasseramt;Halten;425;407;760;72;147;144;314;157;70
2523;Bezirk Wasseramt;Horriwil;465;475;874;66;229;183;340;140;48
2524;Bezirk Wasseramt;Hüniken;80;80;150;10;38;31;58;24;9
2525;Bezirk Wasseramt;Kriegstetten;716;747;1238;225;305;319;476;283;80
2526;Bezirk Wasseramt;Lohn-Ammannsegg;1443;1504;2663;284;528;594;1049;563;213
2527;Bezirk Wasseramt;Luterbach;1900;1862;2876;886;724;856;1340;595;247
2528;Bezirk Wasseramt;Obergerlafingen;612;606;1065;153;236;248;457;202;75
2525;Bezirk Wasseramt;Oekingen;445;443;831;57;185;180;317;150;56
2530;Bezirk Wasseramt;Recherswil;1107;1159;1929;337;454;509;782;404;117
2532;Bezirk Wasseramt;Subingen;1664;1648;2698;614;644;744;1231;529;164
2534;Bezirk Wasseramt;Zuchwil;4854;4806;5304;4356;1824;2859;3175;1284;517
