Jahrgang;Auslaender;Auslaenderinnen;Schweizer;Schweizerinnen
1920;0;0;0;1
1921;0;0;0;3
1922;0;0;2;3
1923;0;1;2;8
1924;0;1;3;15
1925;1;1;6;27
1926;0;0;8;36
1927;2;1;14;46
1928;1;1;27;81
1929;5;5;45;118
1930;0;7;63;142
1931;4;12;103;209
1932;9;19;105;292
1933;13;18;140;309
1934;17;28;210;366
1935;22;18;237;441
1936;27;28;272;465
1937;34;36;339;541
1938;36;55;378;564
1939;49;58;452;632
1940;50;74;476;652
1941;73;63;590;821
1942;70;66;724;844
1943;80;71;751;916
1944;84;84;841;1026
1945;74;81;897;1100
1946;114;96;974;1092
1947;115;90;1001;1107
1948;106;93;1098;1251
1949;148;116;1108;1198
1950;146;143;1140;1234
1951;138;130;1209;1273
1952;163;179;1151;1320
1953;185;164;1271;1322
1954;206;176;1281;1478
1955;208;197;1330;1406
1956;228;217;1509;1548
1957;214;195;1525;1511
1958;283;230;1543;1600
1959;312;263;1564;1675
1960;362;288;1580;1734
1961;383;321;1658;1752
1962;385;343;1761;1806
1963;471;355;1787;1785
1964;485;390;1778;1899
1965;495;419;1722;1800
1966;553;411;1665;1817
1967;512;444;1700;1681
1968;564;444;1655;1766
1969;574;440;1563;1654
1970;586;496;1483;1610
1971;568;505;1429;1504
1972;575;573;1334;1421
1973;617;500;1200;1291
1974;628;486;1249;1249
1975;650;530;1152;1270
1976;665;596;1212;1218
1977;676;581;1159;1206
1978;757;622;1171;1237
1979;739;665;1193;1236
1980;795;646;1254;1248
1981;774;694;1247;1283
1982;782;712;1314;1333
1983;766;720;1330;1283
1984;850;769;1358;1329
1985;856;775;1292;1319
1986;851;726;1302;1328
1987;811;703;1321;1263
1988;846;730;1319;1392
1989;821;747;1294;1344
1990;819;718;1352;1321
1991;739;697;1289;1311
1992;840;636;1257;1204
1993;804;626;1254;1248
1994;749;694;1171;1186
1995;730;576;1084;1147
1996;612;593;1139;1132
1997;593;554;1130;1104
1998;621;505;1127;1097
1999;608;477;1135;1141
2000;550;469;1109;1126
2001;491;432;1075;990
2002;443;408;1052;1058
2003;424;348;1080;990
2004;417;344;1049;1003
2005;446;341;1088;970
2006;467;330;1007;932
2007;424;333;968;998
2008;412;327;1049;971
2009;453;388;1034;951
2010;388;357;1094;1003
2011;406;419;1060;1013
2012;435;394;1094;1000
2013;445;403;1020;980
2014;449;407;1059;1037
2015;415;428;1051;1071
2016;442;448;1103;1006
2017;462;412;1050;990
2018;461;422;1052;1058
2019;449;422;1010;1022
2020;437;416;1092;1010
2021;474;387;1112;1080
2022;377;337;1021;982
2023;399;355;960;901
2024;386;350;917;792
2025;360;356;900;809
